Continent,Facebook,Twitter,Pinterest,Instagram,YouTube,reddit,LinkedIn,VKontakte
United States of America ,59.58,13.5,11.2,11.09,1.95,1.78,0,0
Jordan ,99.15,0,0,0,0,0,0,0
Indonesia ,92.95,0,0,2.61,3.14,0,0,0
Spain ,89.24,2.59,0,6.45,0,0,0,0
Pakistan ,95.26,1.58,0,1.83,0,0,0,0
Bulgaria ,95.13,0,0,1.25,2.92,0,0,0
India ,49.47,3.72,1.1,35.53,9.1,0,0,0
Romania ,95.47,0,0,2.54,0,0,0,0
France ,84.35,3.98,3.42,6.21,1.2,0,0,0
Ireland ,94.68,2.76,0,1.7,0,0,0,0
Mexico ,80.23,4.95,1.49,9.68,3.14,0,0,0
Philippines ,58.73,0,0,0,39.33,0,0,0
United Kingdom ,69.47,9.93,3.99,11.99,1.51,1.64,1.01,0
Egypt ,86.55,2.5,0,7.87,2.49,0,0,0
Nepal ,93.36,4.83,0,0,1.02,0,0,0
Hungary ,97.41,0,0,1.2,0,0,0,0
Turkey ,38.25,7.94,0,50.79,2.12,0,0,0
Canada ,58.89,12.85,11.18,11.21,1.58,2.87,0,0
 ,10,85,2.5,27.88,1.78,2.5,0,0
Saudi Arabia ,69.57,15.19,0,11.77,1.24,0,1.65,0
Italy ,76.36,3.73,2.66,14.72,1.53,0,0,0
Argentina ,70.17,2.21,1.12,15.84,8.91,0,1.32,0
Greece ,93.82,1.02,0,3.87,0,0,0,0
Australia ,68.36,9.7,5.28,12.04,1.64,1.91,0,0
Germany ,59.54,10.73,8.41,17.01,1.73,1.34,0,0
Netherlands ,71.73,7.45,4.46,13.46,0,0,0,0
Thailand ,27.5,63.41,0,2.12,6.05,0,0,0
Sweden ,81.19,7.36,1.17,8.67,0,0,0,0
Brazil ,43.69,3.21,5.05,43,3.87,0,0,0
Palestinian Territory ,96.62,0,0,2.68,0,0,0,0
Bangladesh ,87.47,5.68,0,0,5.68,0,0,0
Macedonia ,98.14,0,0,1.23,0,0,0,0
Colombia ,63.29,2.73,1.96,26.63,4.82,0,0,0
Albania ,97.29,0,0,1.69,0,0,0,0
Belgium ,79.76,4.88,3.29,8.98,1.97,0,0,0
South Africa ,75.58,6.53,5.81,8.62,2.22,0,0,0
United Arab Emirates ,77.06,7.55,1.41,8.73,4.17,0,0,0
Senegal ,96.53,2.02,0,0,0,0,0,0
Malaysia ,80.15,5.19,2.4,7.42,2.81,0,0,0
Denmark ,85.44,4.39,2.48,5.22,0,1.07,0,0
Tunisia ,90.87,1.57,0,4.31,2.19,0,0,0
Norway ,81.31,3.34,7.78,6,0,0,0,0
Peru ,82.88,1.98,2.31,9,3.2,0,0,0
Switzerland ,65.59,21.58,3.94,7.02,0,0,0,0
Poland ,72.48,5.9,3.38,13.27,2.67,1.49,0,0
Portugal ,74.49,5.97,2.14,14.31,1.82,0,0,0
Algeria ,70.86,3.07,0,16.62,8.76,0,0,0
Serbia ,77.36,2.73,1.09,16.94,1.2,0,0,0
Morocco ,51.73,1.88,0,22.22,23.35,0,0,0
Japan ,21.67,52.04,11.82,10.59,2.3,0,0,0
Chile ,39.02,33.95,2.24,22.89,0,0,0,0
Israel ,71.36,5.87,2.2,17.44,2.17,0,0,0
Slovakia (Slovak Republic) ,86.16,1.84,1.24,5.94,3.65,0,0,0
New Zealand ,66.3,16.07,5.23,8.42,1.18,1.63,0,0
Iraq ,32.36,3.84,0,39.87,23.31,0,0,0
Nigeria ,68.93,9.66,2.71,8.12,9.69,0,0,0
Vietnam ,64.52,9.99,3.2,4.01,15.47,0,1.08,0
Lebanon ,77.39,4.04,1.02,15.4,1.68,0,0,0
Uruguay ,57.92,1.23,1.13,39.04,0,0,0,0
Austria ,62.41,11.46,6.65,15.7,1.62,1.29,0,0
Qatar ,78.62,11.25,1.05,7.25,1.29,0,0,0
South Korea ,24.46,31.27,1.85,5.58,35.69,0,0,0
Puerto Rico ,72.44,4.35,4.88,16.69,0,0,0,0
Hong Kong ,23.93,50.76,1.56,4.38,16.62,0,0,1.32
Taiwan ,66.53,17.96,1.64,9.7,3.02,0,0,0
Kuwait ,55.98,5.91,1.12,19.2,2.1,0,15.42,0
Syrian Arab Republic ,83.19,1.32,0,11.03,4.14,0,0,0
Dominican Republic ,67.09,4.27,1.99,21.86,4.26,0,0,0
Croatia ,79.32,3.54,2.93,9.65,3.06,1.09,0,0
Lithuania ,84.15,3.9,2.87,6.57,0,0,0,0
Cyprus ,85.15,2.97,1.34,8.38,1.61,0,0,0
Paraguay ,78.32,5.57,1.27,13.16,1.33,0,0,0
Czech Republic ,56.16,14.05,3.88,18.03,5.5,1.3,0,0
Ecuador ,59.44,3.4,3.93,18.57,12.89,0,1.05,0
Reunion ,95.15,0,1.38,2.54,0,0,0,0
Bermuda ,8.02,85.12,1.09,0,0,4.29,0,0
Madagascar ,93.58,5.6,0,0,0,0,0,0
Mauritius ,95.63,0,1.11,1.6,0,0,0,0
Cote dIvoire ,91.52,6.11,0,1.09,0,0,0,0
Singapore ,43.58,26.98,5.31,11.17,6,3.49,2.64,0
Costa Rica ,68.27,4.86,4.7,19.9,1.13,0,0,0
Finland ,59.77,8.39,4.05,19.21,1.97,2.43,0,3.29
Ukraine ,43.6,4.89,3.84,21.98,23.91,0,0,0
Sudan ,88.9,8.48,0,1,1.46,0,0,0
Slovenia ,80.91,4.91,2.72,8.05,2.03,0,0,0
Bolivia ,74.73,2.59,3.69,8.35,9.81,0,0,0
Cameroon ,91.11,6.23,0,0,0,0,0,0
Guatemala ,37.35,2.98,3.52,13.71,41.62,0,0,0
Bahamas ,43.05,50.85,1.33,2.36,0,1.76,0,0
Sri Lanka ,69.74,2.77,7.64,6.62,12.07,0,0,0
Venezuela ,50.83,1.82,5.49,33.38,7.25,0,0,0
Russian Federation ,5.38,2.42,22.35,2.37,2.06,2.92,0,61.31
Libya ,66.14,4.05,0,22.12,7.06,0,0,0
Burkina Faso ,94.95,4.39,0,0,0,0,0,0
democratic republic of the congo,88.99,8.59,0,1.15,0,0,0,0
Georgia ,80.26,3.7,1.62,10.57,2.27,0,0,0
Oman ,54.25,19.08,1.96,21.46,2.7,0,0,0
Malta ,84.38,4.78,2.87,5.3,0,0,1.14,0
Estonia ,82.12,4.9,2.69,7.66,0,1.19,0,0
Latvia ,70.25,17.12,2.83,7.14,1.08,0,0,0
Bahrain ,64.02,5.83,1.97,23.22,4.12,0,0,0
Guinea ,94.79,4.41,0,0,0,0,0,0
Kenya ,52.6,17.16,4.25,11.05,13.51,0,0,0
Bosnia and Herzegovina ,77.55,3.21,2.2,13.75,1.81,1.15,0,0
Trinidad and Tobago ,71.02,2.97,5.04,18.27,1.67,0,0,0
Haiti ,91.15,4.56,1.08,2.19,0,0,0,0
Cuba ,87.21,1.07,4.27,5.2,1.52,0,0,0
Yemen ,81.43,4.89,0,6.98,6.45,0,0,0
Maldives ,90.05,2.6,1.91,4.13,0,0,0,0
Montenegro ,87.3,2.21,1.37,7.68,0,0,0,0
Guadeloupe ,91.84,1.08,1.83,4.41,0,0,0,0
French Polynesia ,96.78,0,0,1.16,0,0,0,0
Moldova ,85.48,2.17,2.06,7.28,1.92,0,0,0
Luxembourg ,69.5,14.9,4.59,8.65,0,0,0,0
El Salvador ,57.56,7.08,3.8,23.97,5.05,2.12,0,0
Martinique ,90.93,1.01,1.96,5.54,0,0,0,0
Panama ,28.58,8.05,6.72,51.84,3.3,0,0,0
Jamaica ,27.71,5.96,4.48,54.92,6.13,0,0,0
New Caledonia ,97.03,0,1.34,0,0,0,0,0
Nicaragua ,69.99,4.14,3.6,12.27,9.03,0,0,0
Mali ,91.92,5.74,0,1.32,0,0,0,0
Honduras ,58.15,4.16,8.15,21.59,6.58,0,0,0
Benin ,86.89,10.86,0,0,0,0,0,0
Ghana ,53.79,14.89,8.74,14.55,6.45,0,0,0
Mongolia ,84.19,3.98,2.73,5.83,2.6,0,0,0
Gabon ,89.49,7.08,0,1.65,0,0,0,0
Afghanistan ,82.57,7.24,1.42,6.33,1.65,0,0,0
Iceland ,74.46,7.14,5.1,10.1,0,1.82,0,0
Zambia ,75.12,9.34,5.71,5.31,2.73,0,1.1,0
Mauritania ,88.01,4,0,3.84,3.46,0,0,0
Zimbabwe ,68.13,10.8,9.09,6.78,3.77,0,0,0
Cambodia ,43.96,16.7,3.61,4.34,30.18,0,0,0
Ethiopia ,69.66,10.75,4.5,6.64,6.37,0,0,0
Andorra ,85.45,6.15,1.09,5.76,0,0,0,0
Niger ,93.24,5.62,0,0,0,0,0,0
Aruba ,82.4,4.9,3.5,7.92,0,0,0,0
Tanzania ,61.93,8.25,6.87,13.85,8.05,0,0,0
Antigua and Barbuda ,68.86,1.64,1.29,27.57,0,0,0,0
Chad ,88.63,9.76,0,0,0,0,0,0
Uzbekistan ,16.2,5.03,6.62,63.45,5.99,0,1,0
Congo (Republic of the),88.86,8,0,1.5,0,0,0,0
Lao Peoples Democratic Republic ,27.17,35.43,0,0,35.86,0,0,0
Angola ,78.01,6.3,4.61,7.51,2.62,0,0,0
China ,7.51,84.99,0,1.42,2.67,0,0,0
Seychelles ,68.21,24.77,2.23,2.13,0,0,0,0
Fiji ,87.79,2.31,2.85,5.07,1.06,0,0,0
Guyana ,82.75,1.38,4.82,8.42,1.91,0,0,0
Togo ,86.13,8.44,1.03,2.35,1.53,0,0,0
Burundi ,96.08,2.34,0,0,0,0,0,0
Vanuatu ,98.45,0,0,0,0,0,0,0
Botswana ,78.38,6.25,6.36,4.89,2.35,0,0,0
Iran ,2.11,6.97,6.16,76.33,4.89,0,2.56,0
Namibia ,70.05,4.45,10.6,10.7,2.66,0,0,0
Papua New Guinea ,68.07,1.28,2.75,1.27,26.26,0,0,0
Malawi ,84.06,5.76,4.18,3.38,1.76,0,0,0
Azerbaijan ,34,7.55,4.72,30.34,20.47,1.32,1.1,0
Mozambique ,69.01,11.13,6.98,7.02,4.35,0,0,0
Somalia ,72.16,8.32,1.6,6.68,10.43,0,0,0
Armenia ,56.98,6.13,5.02,26.67,2.13,0,1.62,0
Belize ,54.07,27.92,6.47,8.4,1.05,1.83,0,0
Saint Lucia ,82.54,3.01,3.9,8.2,1.65,0,0,0
Jersey ,75.22,6.77,6.8,6.65,1.28,0,2.44,0
Barbados ,56.38,6.29,7.99,25.79,1.93,0,0,0
Comoros ,97.49,1.84,0,0,0,0,0,0
Macao ,69.35,19.89,2.71,5.87,1.23,0,0,0
Suriname ,82.02,1.98,4.32,7.73,3.03,0,0,0
Belarus ,14.8,17.18,9.81,33,8.13,4.98,7.3,4.21
French Guiana ,81.91,2.13,3.21,11.63,0,0,0,0
Isle of Man ,75.45,9.01,5.63,6.66,1.04,1.24,0,0
Uganda ,21.18,41.08,14.87,10.36,9.92,0,1.3,0
Lesotho ,89.37,2.53,3.94,2.16,0,0,0,0
Gambia ,85.83,2.74,3.48,3.81,3.66,0,0,0
Guernsey ,75.17,10.3,6.2,5.36,1.7,0,0,0
Kazakhstan ,27.05,17.08,11.45,10.96,22.44,4.08,1.82,4.59
Liberia ,87.25,4.46,3.84,2.28,1.61,0,0,0
Rwanda ,60.52,18.17,5.66,10.72,2.83,0,1.4,0
Guam ,55.94,8.65,13.48,12.7,2.53,5.97,0,0
Brunei Darussalam ,42.94,11.84,5.18,34.67,2.69,1.64,0,0
Faroe Islands ,75.25,9.93,6.94,4.62,1.18,1.55,0,0
Saint Kitts and Nevis ,73.42,7.54,3.63,13.86,0,0,0,0
Gibraltar ,77.91,6.72,4.44,8.33,0,0,1.08,0
Mayotte ,90.87,1.62,2.03,3.97,1.31,0,0,0
Sierra Leone ,82.12,6.03,5.35,2.95,2.53,0,0,0
Swaziland ,81.3,4.43,7.27,3.76,1.78,0,0,0
Kyrgyz Republic ,43.48,7.32,4.62,35.69,4.93,1.21,1.62,0
Central African Republic ,93.56,5.39,0,0,0,0,0,0
Cayman Islands ,44.56,16.48,11.12,23.32,1.85,1.06,1.24,0
Tajikistan ,17.13,2.88,2.66,71.39,3.2,0,0,1.39
American Samoa ,23.37,59.88,2.36,2.25,0,11.09,0,0
Greenland ,82.79,3.53,5.67,6.87,0,0,0,0
Grenada ,57.76,20.91,4.91,13.59,1.52,0,0,0
Cape Verde ,69.46,4.7,6.06,15.91,2.46,0,0,0
Solomon Islands ,94.44,1.14,2.23,0,1.25,0,0,0
Saint Vincent and the Grenadines ,66,13.97,4.87,12.56,1.91,0,0,0
Monaco ,61.54,24.04,4.48,7.62,0,0,0,0
Myanmar ,35.62,5.76,18.26,0,32.12,2.89,1.33,3
Dominica ,76.69,3.08,4.38,13.73,1.56,0,0,0
Guinea-Bissau ,94.8,1.98,0,1.8,0,0,0,0
Samoa ,90.68,1.84,2.47,2.95,1.79,0,0,0
Timor-Leste ,78.71,2.91,3.66,3.85,6.33,0,4.55,0
Turks and Caicos Islands ,55.58,14.04,6.55,20.77,1.48,0,0,0
Bhutan ,91.57,2.41,1.9,1.9,1.71,0,0,0
Cook Islands ,90.8,0,1.98,4.98,1.02,0,0,0
British Virgin Islands ,65.88,12.2,8.69,10.2,1.99,0,0,0
Tonga ,90.15,2.21,3.09,3.97,0,0,0,0
Equatorial Guinea ,83.18,4.64,2.35,7.34,1.52,0,0,0
Saint Pierre and Miquelon ,85.16,8,3.46,2.39,0,0,0,0
Anguilla ,65.07,9.17,6.78,16.27,1.29,0,0,0
Northern Mariana Islands ,70.61,7.37,8.28,10.1,2.15,1.16,0,0
Liechtenstein ,49.35,17.68,13.55,12.71,3.55,0,1.23,0
Micronesia ,86.82,2.38,4.51,5.46,0,0,0,0
Saint Martin ,65.61,15.08,3.46,8.45,6.05,0,0,0
Kiribati ,90.69,0,5.69,0,2.64,0,0,0
San Marino ,65.09,3.56,3.35,25.79,1.57,0,0,0
Palau ,77.11,2.07,7.79,9.38,1.91,1.11,0,0
Wallis and Futuna ,95.5,3.3,0,0,0,0,0,0
Djibouti ,31.6,38.66,5.7,8.43,11.28,1.86,2.48,0
Marshall Islands ,91.81,2.14,2.14,2.14,1.78,0,0,0
Tuvalu ,89.82,0,7.27,2.55,0,0,0,0
Nauru ,85.66,1.55,4.26,7.36,0,0,0,0
Montserrat ,69.23,2.43,0,26.32,0,1.21,0,0
Saint Barthelemy ,72.52,20.27,1.35,5.86,0,0,0,0
Sao Tome and Principe ,78.33,1.67,5.56,11.67,2.22,0,0,0
Falkland Islands (Malvinas) ,69.53,10.94,2.34,14.06,0,0,0,0
Holy See (Vatican City State) ,56.06,34.85,0,4.55,1.52,0,3.03,0
Norfolk Island ,81.08,5.41,2.7,0,2.7,8.11,0,0
Svalbard & Jan Mayen Islands ,86.36,0,0,13.64,0,0,0,0
Turkmenistan ,46.67,30,0,20,3.33,0,0,0
Eritrea ,69.23,15.38,0,0,15.38,0,0,0
Tokelau ,23.53,52.94,0,0,5.88,17.65,0,0
Pitcairn Islands ,100,0,0,0,0,0,0,0
Saint Helena ,100,0,0,0,0,0,0,0
Niue ,33.33,33.33,0,0,0,33.33,0,0
North Korea ,100,0,0,0,0,0,0,0
