"Continent","Facebook","Pinterest","Twitter","Instagram","YouTube","Tumblr","reddit","VKontakte","Fark","LinkedIn","news.ycombinator.com"
United States of America ,79.94,8.26,5.42,3.33,2.07,0,0,0,0,0,0
Canada ,91.24,4.83,1.56,0,0,0,0,0,0,0,0
Indonesia ,98.91,0,0,0,0,0,0,0,0,0,0
United Kingdom ,85.35,5.75,3.55,2,2.24,0,0,0,0,0,0
France ,92.87,4.2,0,0,0,0,0,0,0,0,0
Australia ,85.85,5.81,3.94,2.25,1.28,0,0,0,0,0,0
Spain ,92.24,2.28,1.79,2.33,0,0,0,0,0,0,0
Philippines ,89.17,1.07,0,0,8.22,0,0,0,0,0,0
Hungary ,98.93,0,0,0,0,0,0,0,0,0,0
Netherlands ,87.44,4.84,3.6,2.6,0,0,0,0,0,0,0
Greece ,97.37,1.06,0,0,0,0,0,0,0,0,0
Bulgaria ,98.26,0,0,0,1.05,0,0,0,0,0,0
Ireland ,93.08,1.44,2.98,0,1.49,0,0,0,0,0,0
Belgium ,91.31,4.46,1.53,1.08,1.24,0,0,0,0,0,0
Turkey ,84.28,1.76,1.66,8.96,2.83,0,0,0,0,0,0
Denmark ,96.05,1.96,0,0,0,0,0,0,0,0,0
Egypt ,88.73,0,1.78,1.33,6.96,0,0,0,0,0,0
Sweden ,92.76,1.53,1.19,2.9,1.2,0,0,0,0,0,0
Thailand ,32.03,1.37,59.28,4.08,2.64,0,0,0,0,0,0
Jordan ,97,0,0,2.02,0,0,0,0,0,0,0
Mexico ,81.15,5.34,4.1,4.31,4.27,0,0,0,0,0,0
Norway ,92.9,4.82,0,1.15,0,0,0,0,0,0,0
Romania ,89.13,0,0,4.43,4.41,0,0,0,0,0,0
Italy ,79.03,8.65,2.74,5.77,2.48,0,0,0,0,0,0
Germany ,54.26,22.86,7.15,7.66,3.85,2.33,1.41,0,0,0,0
New Zealand ,87.62,5.69,3.16,1.46,1.16,0,0,0,0,0,0
South Africa ,84.47,8.48,1.59,1.74,2.54,0,0,0,0,0,0
Portugal ,90.3,3.5,1.67,2.28,1.18,0,0,0,0,0,0
Switzerland ,84.42,6.21,3.75,3.47,1.04,0,0,0,0,0,0
Nepal ,61.19,0,3.58,0,34.4,0,0,0,0,0,0
Pakistan ,86.68,3.18,1.79,4.08,3.47,0,0,0,0,0,0
Argentina ,80.98,5.47,2.68,4.68,3.87,1.33,0,0,0,0,0
Tunisia ,96.28,0,1.73,0,0,0,0,0,0,0,0
Malaysia ,72.77,9.34,4.09,4.12,5.11,1.47,2.14,0,0,0,0
India ,31.7,11.81,11.7,18.12,18.71,1.58,5.59,0,0,0,0
Japan ,24.51,14.69,45.65,6.06,6.8,0,1.32,0,0,0,0
Palestinian Territory ,95.64,0,0,2.71,1.19,0,0,0,0,0,0
Cyprus ,95.45,1.38,0,0,0,0,0,0,0,0,0
Poland ,74.33,8.02,5.74,5.86,3.77,0,1.43,0,0,0,0
Slovakia (Slovak Republic) ,84.71,3.23,1.04,1.3,8.65,0,0,0,0,0,0
Puerto Rico ,82.38,7.35,3.56,4.37,1.13,0,0,0,0,0,0
Brazil ,42.73,21.25,5.71,15.84,10.63,1.2,2.39,0,0,0,0
Algeria ,82.64,2.34,2.19,3.61,7.39,0,1.61,0,0,0,0
Reunion ,95.99,2.88,0,0,0,0,0,0,0,0,0
Taiwan ,71.26,3.72,11.58,5.7,6.31,0,1.3,0,0,0,0
Iraq ,15,1.79,3.43,55.5,23.88,0,0,0,0,0,0
New Caledonia ,98.34,1.4,0,0,0,0,0,0,0,0,0
Hong Kong ,44.51,3.88,33.14,4,12.33,0,1.26,0,0,0,0
Lebanon ,92.95,1.84,0,2.25,1.93,0,0,0,0,0,0
Austria ,61.67,17.17,6.88,6.45,5.12,1.43,0,0,0,0,0
Finland ,75.8,9.87,6.03,3.66,2.33,0,1.11,0,0,0,0
Israel ,80.66,4.4,3.54,5.71,4.67,0,0,0,0,0,0
Colombia ,65.58,11.74,2.7,11.88,6.33,1.07,0,0,0,0,0
Morocco ,71.04,3.2,2.89,4.71,17.41,0,0,0,0,0,0
South Korea ,18.89,9.42,48.78,3.47,16.33,0,2.48,0,0,0,0
Mauritius ,95.67,2.93,0,0,0,0,0,0,0,0,0
Chile ,57.65,16.46,11.78,6.57,2.67,3.67,1.06,0,0,0,0
Vietnam ,60.6,6.34,8.43,4.68,17.59,0,0,0,0,0,0
French Polynesia ,98.69,0,0,0,0,0,0,0,0,0,0
Singapore ,50.84,7.05,19.99,5.23,12.01,0,3.62,0,0,0,0
Serbia ,86.53,3.63,3.41,2.72,2.88,0,0,0,0,0,0
Peru ,72.52,11.12,3.28,4.98,5.61,1.27,1.16,0,0,0,0
Saudi Arabia ,29.96,5.49,17.87,24.33,20.49,0,0,0,0,0,0
Malta ,92.45,4.06,0,1.17,0,0,0,0,0,0,0
Costa Rica ,81.74,8.9,2.67,3.49,1.63,0,0,0,0,0,0
Lithuania ,86.89,4.02,2.64,2.43,2.18,0,0,0,0,0,0
Albania ,92.1,1.96,2.48,0,1.72,0,0,0,0,0,0
 ,100,15.38,7.69,2.48,9.4,0,2.48,0,3.64,0,0
Madagascar ,97.33,0,1.81,0,0,0,0,0,0,0,0
Czech Republic ,54.03,10.92,4.6,6.17,20.96,0,1.56,0,0,0,0
United Arab Emirates ,32.91,7.37,18.09,9.83,29.08,0,2.22,0,0,0,0
Bermuda ,14.3,4.53,78.63,0,0,0,1.16,0,0,0,0
Bangladesh ,63.22,2.59,17.85,2.88,10.09,1.8,1.47,0,0,0,0
Trinidad and Tobago ,74.7,14.09,0,6.62,2.96,0,0,0,0,0,0
Macedonia ,96.87,0,1.54,0,0,0,0,0,0,0,0
Seychelles ,72.99,0,26.66,0,0,0,0,0,0,0,0
Luxembourg ,88.28,4.7,3,1.7,1.55,0,0,0,0,0,0
Syrian Arab Republic ,93.92,0,0,2.08,2.13,0,0,0,0,0,0
Ukraine ,49.94,5.87,2.4,5.36,33.83,0,1.78,0,0,0,0
Estonia ,90.19,4.51,2.49,1.19,0,0,0,0,0,0,0
Bahamas ,52.87,3.77,39.52,1.55,0,0,1.3,0,0,0,0
Uruguay ,83.74,3.68,3.63,7.56,0,0,0,0,0,0,0
Croatia ,81.54,6.43,3.04,2.9,4.17,0,1.28,0,0,0,0
Dominican Republic ,41.24,5.68,2.88,7.37,42.24,0,0,0,0,0,0
Ecuador ,62.97,14.03,1.93,6.58,12.78,1.13,0,0,0,0,0
Guadeloupe ,96.46,1.27,0,1.27,0,0,0,0,0,0,0
Nigeria ,67.4,7.63,11.3,3.63,8.53,0,0,0,0,0,0
Iceland ,89.19,5.54,2.08,1.95,0,0,0,0,0,0,0
Senegal ,94.79,2.05,0,0,1.26,0,0,0,0,0,0
Kazakhstan ,89.51,2.76,2.76,0,2.6,0,0,0,0,0,0
Martinique ,94.61,3.76,0,0,0,0,0,0,0,0,0
Slovenia ,76.51,7.04,9.55,1.72,3.38,0,0,0,0,0,0
Guatemala ,33.21,8.3,1.71,4.67,50.8,0,0,0,0,0,0
Russian Federation ,19.23,42.05,6.98,0,2.77,3.51,2.55,22.04,0,0,0
Latvia ,73.07,3.11,15.8,1.63,5.14,0,0,0,0,0,0
Bolivia ,70.7,10.53,0,4.01,13.12,1.02,0,0,0,0,0
Moldova ,68.4,1.21,0,1.04,28.23,0,0,0,0,0,0
Isle of Man ,88.32,6.24,1.59,0,2.61,0,0,0,0,0,0
Jersey ,79.89,12,1.3,2.05,3.89,0,0,0,0,0,0
Haiti ,83.84,2.71,9.32,0,2.71,0,0,0,0,0,0
Cote dIvoire ,88.7,2.47,6.88,0,1.43,0,0,0,0,0,0
Bosnia and Herzegovina ,86.04,6.37,1.22,2.44,2.98,0,0,0,0,0,0
Jamaica ,28.19,15.19,1.95,16.41,36.73,0,0,0,0,0,0
Sri Lanka ,66.93,15.85,1.25,3.31,10.26,0,1.6,0,0,0,0
Burkina Faso ,92.8,0,6.56,0,0,0,0,0,0,0,0
Gibraltar ,91.31,4.96,0,0,1.24,0,1.06,0,0,0,0
Venezuela ,28.73,26.61,8.05,7.77,26.94,1.01,0,0,0,0,0
Barbados ,68.13,20.72,2.26,4.65,3.59,0,0,0,0,0,0
Georgia ,76.96,5.38,3.53,9.22,3.53,0,0,0,0,0,0
Cambodia ,46.65,6.71,6.02,1.48,37.77,0,0,0,0,0,0
Kuwait ,17.4,7.63,28.47,27.8,16.91,0,0,0,0,0,0
Guernsey ,68.81,7.16,1.04,1.04,21.64,0,0,0,0,0,0
Qatar ,35.27,6.83,12.73,7.62,35.9,0,1.34,0,0,0,0
Andorra ,86.85,2.19,5.38,2.79,1.2,0,1.39,0,0,0,0
Honduras ,45.96,17.55,3.19,7.13,24.04,0,0,0,0,0,0
El Salvador ,57.53,15.89,2.74,8.77,14.52,0,0,0,0,0,0
Papua New Guinea ,90.32,4.52,0,0,3.44,0,0,0,0,0,0
Nicaragua ,69.81,6.41,2.36,2.7,18.04,0,0,0,0,0,0
Faroe Islands ,91.82,4.55,0,0,0,1.14,0,0,0,0,0
Libya ,48.7,4.71,3.97,19.7,22.68,0,0,0,0,0,0
Kenya ,48.06,17.94,11.42,9.41,11.67,0,0,0,0,0,0
Saint Pierre and Miquelon ,87.36,10.57,0,0,0,1.38,0,0,0,0,0
Panama ,40.82,21.68,6.53,22.01,4.76,1.55,2.54,0,0,0,0
Ghana ,59.47,14.62,7.14,5.65,11.79,0,0,0,0,0,0
Aruba ,89,4.75,3.5,1,1.75,0,0,0,0,0,0
Cameroon ,84.62,2.31,12.31,0,0,0,0,0,0,0,0
Oman ,21.22,7.94,14.14,37.72,18.11,0,0,0,0,0,0
Paraguay ,53.23,16.08,5.55,12.01,11.46,0,1.11,0,0,0,0
Guinea ,90.19,1.27,7.91,0,0,0,0,0,0,0,0
Guam ,86.13,5.48,2.58,2.26,3.23,0,0,0,0,0,0
Congo (Democratic Republic of the),82.92,4.04,10.25,1.24,1.55,0,0,0,0,0,0
Zimbabwe ,61.76,17.81,9.5,4.75,4.99,0,0,0,0,0,0
Tanzania ,80.43,7.45,0,3.42,5.9,0,1.86,0,0,0,0
Montenegro ,88.36,3.77,1.37,1.37,4.11,1.03,0,0,0,0,0
Belize ,60.14,14.86,17.69,4.25,2.36,0,0,0,0,0,0
Yemen ,88.15,1.48,2.96,1.11,5.93,0,0,0,0,0,0
Guyana ,78.74,7.64,1.66,3.99,6.31,0,0,0,0,0,0
Bahrain ,23.27,7.31,7.69,16.15,45,0,0,0,0,0,0
Mongolia ,63.87,26.3,2.6,2.02,4.34,0,0,0,0,0,0
Monaco ,87.85,2.02,6.07,3.24,0,0,0,0,0,0,0
Fiji ,84.25,4.33,3.54,1.97,4.72,0,0,0,0,0,0
Malawi ,85.89,9.68,2.42,0,2.02,0,0,0,0,0,0
Antigua and Barbuda ,63.8,11.35,2.76,19.33,1.23,0,1.53,0,0,0,0
Zambia ,70.79,18.21,3.78,1.72,1.03,1.03,2.41,1.03,0,0,0
China ,20.06,2.74,57.14,0,16.72,0,1.22,0,0,0,0
Saint Kitts and Nevis ,89.29,3.06,1.02,6.63,0,0,0,0,0,0,0
Gabon ,83.01,2.43,7.28,0,6.8,0,0,0,0,0,0
Vanuatu ,99.41,0,0,0,0,0,0,0,0,0,0
Greenland ,92.82,4.42,0,1.1,1.1,0,0,0,0,0,0
Wallis and Futuna ,97.01,2.99,0,0,0,0,0,0,0,0,0
Namibia ,47.42,28.06,4.84,9.35,8.06,0,2.26,0,0,0,0
Saint Lucia ,58.9,28.39,0,7.2,4.24,0,0,0,0,0,0
Cayman Islands ,56.96,19.41,4.22,6.33,10.13,0,1.69,0,0,0,0
Sudan ,72.67,1.16,18.6,0,6.4,0,0,0,0,0,0
Suriname ,77.02,11.18,0,4.35,3.73,3.73,0,0,0,0,0
Armenia ,71.6,11.24,2.96,4.73,4.73,0,3.55,0,0,0,0
French Guiana ,83.92,7.69,2.1,2.8,3.5,0,0,0,0,0,0
Maldives ,57.42,18.66,3.35,11.96,5.26,0,2.39,0,0,0,0
Cuba ,83.46,6.77,0,3.01,5.26,1.5,0,0,0,0,0
Benin ,66.67,1.85,30.86,0,0,0,0,0,0,0,0
Saint Vincent and the Grenadines ,80.51,11.86,0,4.24,1.69,0,0,0,0,0,0
Ethiopia ,48.21,30.26,2.56,4.62,13.33,0,0,0,0,0,0
Congo (Republic of the),78.63,2.56,15.38,1.71,1.71,0,0,0,0,0,0
Chad ,95.74,0,4.26,0,0,0,0,0,0,0,0
Angola ,59.33,16.67,4.67,10,2.67,0,5.33,0,0,1.33,0
Myanmar ,36.71,25.32,0,0,29.11,1.27,2.95,3.38,0,0,0
Belarus ,13.21,41.04,10.85,8.96,17.45,1.42,4.72,1.89,0,0,0
Lao Peoples Democratic Republic ,27.21,20.96,13.24,1.84,31.62,0,0,4.78,0,0,0
Saint Martin ,87.76,2.04,2.04,3.06,0,0,0,0,0,5.1,0
Kiribati ,20,80,0,0,0,0,0,0,0,0,0
Mali ,75.26,2.06,16.49,0,2.06,0,0,0,0,4.12,0
Azerbaijan ,37.89,20.53,4.74,13.16,20.53,0,1.58,1.58,0,0,0
Macao ,50,23.57,7.86,8.57,8.57,0,0,0,0,0,0
American Samoa ,38.89,3.7,43.21,2.47,5.56,0,4.94,0,0,0,0
Mauritania ,87.5,3.75,1.25,2.5,3.75,0,1.25,0,0,0,0
Dominica ,79.27,7.32,4.88,6.1,1.22,0,1.22,0,0,0,0
Grenada ,61.54,20.19,5.77,7.69,1.92,0,1.92,0,0,0,0
Lesotho ,85.14,12.16,0,1.35,1.35,0,0,0,0,0,0
Botswana ,69.32,12.5,0,9.09,7.95,0,0,0,0,1.14,0
Turks and Caicos Islands ,71.76,9.41,7.06,10.59,1.18,0,0,0,0,0,0
Cape Verde ,65.91,22.73,1.14,3.41,5.68,0,1.14,0,0,0,0
Togo ,69.14,1.23,18.52,4.94,3.7,0,2.47,0,0,0,0
Brunei Darussalam ,27.54,28.14,6.59,18.56,14.37,2.4,1.8,0,0,0,0
Northern Mariana Islands ,61.11,34.72,0,4.17,0,0,0,0,0,0,0
Uzbekistan ,22.13,19.67,1.64,35.25,18.85,1.64,0,0,0,0,0
Uganda ,12.93,28.57,27.21,5.44,19.05,0,2.04,3.4,0,0,0
Mozambique ,49.38,28.4,11.11,3.7,6.17,1.23,0,0,0,0,0
Niger ,97.5,0,2.5,0,0,0,0,0,0,0,0
Cook Islands ,97.44,0,2.56,0,0,0,0,0,0,0,0
Gambia ,88.37,4.65,0,2.33,4.65,0,0,0,0,0,0
Liberia ,85.71,2.38,4.76,7.14,0,0,0,0,0,0,0
Mayotte ,100,0,0,0,0,0,0,0,0,0,0
Somalia ,47.76,11.94,2.99,14.93,11.94,0,10.45,0,0,0,0
Comoros ,88.89,0,5.56,0,5.56,0,0,0,0,0,0
British Virgin Islands ,57.14,7.14,8.93,14.29,8.93,0,3.57,0,0,0,0
Central African Republic ,96.97,0,3.03,0,0,0,0,0,0,0,0
Burundi ,62,0,8,28,2,0,0,0,0,0,0
Solomon Islands ,100,0,0,0,0,0,0,0,0,0,0
Falkland Islands (Malvinas) ,93.1,0,6.9,0,0,0,0,0,0,0,0
Afghanistan ,55.32,12.77,12.77,4.26,8.51,0,4.26,0,0,0,2.13
Timor-Leste ,92.86,3.57,0,0,3.57,0,0,0,0,0,0
Micronesia ,96,0,4,0,0,0,0,0,0,0,0
Liechtenstein ,67.74,12.9,16.13,0,3.23,0,0,0,0,0,0
Samoa ,87.5,12.5,0,0,0,0,0,0,0,0,0
Tonga ,100,0,0,0,0,0,0,0,0,0,0
Anguilla ,50,11.76,17.65,8.82,11.76,0,0,0,0,0,0
Sierra Leone ,77.27,13.64,0,4.55,4.55,0,0,0,0,0,0
Iran ,26.83,39.02,9.76,7.32,4.88,0,7.32,0,0,4.88,0
Swaziland ,76.19,14.29,0,0,9.52,0,0,0,0,0,0
Rwanda ,32,8,12,24,22,0,2,0,0,0,0
Saint Barthelemy ,76.47,0,23.53,0,0,0,0,0,0,0,0
Marshall Islands ,85.71,0,0,14.29,0,0,0,0,0,0,0
Guinea-Bissau ,90,10,0,0,0,0,0,0,0,0,0
Kyrgyz Republic ,12.5,25,15.63,18.75,25,0,3.13,0,0,0,0
Nauru ,88.89,11.11,0,0,0,0,0,0,0,0,0
Bhutan ,53.85,15.38,0,0,15.38,0,15.38,0,0,0,0
Palau ,100,0,0,0,0,0,0,0,0,0,0
Tajikistan ,63.64,18.18,0,0,9.09,0,9.09,0,0,0,0
Montserrat ,77.78,0,0,22.22,0,0,0,0,0,0,0
Equatorial Guinea ,100,0,0,0,0,0,0,0,0,0,0
San Marino ,50,0,8.33,41.67,0,0,0,0,0,0,0
Norfolk Island ,71.43,0,28.57,0,0,0,0,0,0,0,0
Holy See (Vatican City State) ,100,0,0,0,0,0,0,0,0,0,0
Djibouti ,16.67,0,16.67,0,0,0,66.67,0,0,0,0
Tokelau ,0,0,100,0,0,0,0,0,0,0,0
Tuvalu ,66.67,0,0,0,33.33,0,0,0,0,0,0
Svalbard & Jan Mayen Islands ,100,0,0,0,0,0,0,0,0,0,0
